{
    "uuid": "draw-on-your-screen2@zhrexl.github.com",
    "name": "Draw On Your Screen 2",
    "description": "This is a fork from Abakk Draw On Your Screen. Start drawing with Super+Alt+D and save your beautiful work by taking a screenshot",
    "url": "https://github.com/zhrexl/DrawOnYourScreen2",
    "settings-schema": "org.gnome.shell.extensions.draw-on-your-screen",
    "gettext-domain": "draw-on-your-screen",
    "data-dir": "draw-on-your-screen",
    "persistent-file-name": "persistent",
    "svg-file-name": "DrawOnYourScreen",
    "shell-version": [
        "46"
    ],
    "version": 12.7
}
