{
  "_generated": "Generated by SweetTooth, do not edit",
  "description": "A Gnome extension featuring indicator icons in system tray, serving as meter for Bluetooth device battery levels and providing detailed battery levels via icon/text in the Bluetooth quick settings menu.\n\nNote:\nCertain Bluetooth devices do not report battery level until Bluez's experimental features are enabled in system. Check Readme for details.",
  "gettext-domain": "Bluetooth-Battery-Meter@maniacx.github.com",
  "name": "Bluetooth Battery Meter",
  "session-modes": [
    "unlock-dialog",
    "user"
  ],
  "settings-schema": "org.gnome.shell.extensions.Bluetooth-Battery-Meter",
  "shell-version": [
    "45",
    "46",
    "47"
  ],
  "url": "https://github.com/maniacx/Bluetooth-Battery-Meter",
  "uuid": "Bluetooth-Battery-Meter@maniacx.github.com",
  "version": 22
}