{
  "_generated": "Generated by SweetTooth, do not edit",
  "description": "Allow to connect to paired devices from gnome control panel.\n",
  "gettext-domain": "bluetooth-quick-connect",
  "name": "Bluetooth Quick Connect",
  "settings-schema": "org.gnome.shell.extensions.bluetooth-quick-connect",
  "shell-version": [
    "40",
    "41",
    "42",
    "43"
  ],
  "url": "https://github.com/bjarosze/gnome-bluetooth-quick-connect",
  "uuid": "bluetooth-quick-connect@bjarosze.gmail.com",
  "version": 33
}