{
  "_generated": "Generated by SweetTooth, do not edit",
  "description": "Tweak Tool to Customize GNOME Shell, Change the Behavior and Disable UI Elements\n\n- Accessibility Menu Visibility\n- Activities Button Icon Visibility\n- Activities button Visibility\n- Always Show Workspace Switcher on Dynamic Workspaces (40, 41)\n- Animation Speed or Disable it\n- App Gesture (3.36, 3.38)\n- Applications Button Visibility\n- App Menu Icon Visibility\n- App Menu Visibility\n- Background Menu Visibility\n- Calendar Visibility\n- Clock Menu Position\n- Clock Menu Visibility\n- Dash Icon Size\n- Dash Visibility\n- Disable Type to Search\n- Double Super Key to App Grid\n- Events in Clock Menu Visibility\n- GNOME Shell Theme Override\n- Hot Corner (3.36, 3.38, 40)\n- Keyboard Layout Visibility\n- Notification Banner Position\n- OSD Visibility\n- Panel Arrow Visibility(3.36, 3.38)\n- Panel Button Padding Size\n- Panel Height\n- Panel icon size \n- Panel Indicator Padding Size\n- Panel Notification icon Visibility\n- Panel Position\n- Panel Round Corner Size (3.36, 3.38, 40, 41)\n- Panel Visibility\n- Panel Visibility in Overview\n- Power Icon Visibility\n- Ripple Box\n- Search Visibility\n- Startup Status(40, 41)\n- System Menu (Aggregate Menu) Visibility\n- Weather Visibility\n- Window Demands Attention Focus\n- Window Picker Caption Visibility\n- Window Picker Close Button Visibility\n- Window Picker Icon(40, 41)\n- Workspace Background Corner Size in Overview(40, 41)\n- Workspace Popup Visibility\n- Workspaces in app grid Visibility (40, 41)\n- Workspace Switcher Size (40, 41)\n- Workspace Switcher Visibility\n- Workspace Wraparound\n- World Clock Visibility",
  "gettext-domain": "just-perfection",
  "name": "Just Perfection",
  "settings-schema": "org.gnome.shell.extensions.just-perfection",
  "shell-version": [
    "3.36",
    "3.38",
    "40",
    "41",
    "42"
  ],
  "url": "https://gitlab.gnome.org/jrahmatzadeh/just-perfection",
  "uuid": "just-perfection-desktop@just-perfection",
  "version": 20
}