<?xml version="1.0" encoding="UTF-8"?>
<schemalist gettext-domain="gnome-shell-extensions">

  <schema path="/org/gnome/shell/extensions/pano/" id="org.gnome.shell.extensions.pano">
    <key name="history-length" type="i">
      <range min="10" max="500" />
      <default>10</default>
      <summary>History Length</summary>
      <description>Controls length of the clipboard history.</description>
    </key>
    <key name="global-shortcut" type="as">
      <default>
        <![CDATA[['<Shift><Super>v']]]>
      </default>
      <summary>Global shortcut key</summary>
      <description>Controls global shortcut.</description>
    </key>
    <key name="incognito-shortcut" type="as">
      <default>
        <![CDATA[['<Ctrl><Shift><Super>v']]]>
      </default>
      <summary>Global shortcut key</summary>
      <description>Controls global shortcut.</description>
    </key>
    <key name="is-in-incognito" type="b">
      <default>false</default>
      <summary>Controls the incognito status</summary>
      <description>Pano will not track clipboard if true.</description>
    </key>
    <key name="database-location" type="s">
      <default>''</default>
      <summary>Database location</summary>
      <description>Stores clipboard history.</description>
    </key>
    <key name="paste-on-select" type="b">
      <default>true</default>
      <summary>Paste item on select</summary>
      <description>Allow Pano to paste content on select.</description>
    </key>
    <key name="send-notification-on-copy" type="b">
      <default>true</default>
      <summary>Send Notification on Copy</summary>
      <description>Sends notification when copying a new content.</description>
    </key>
    <key name="play-audio-on-copy" type="b">
      <default>true</default>
      <summary>Play audio on copy</summary>
      <description>Plays an audio when copying a new content.</description>
    </key>
    <key name="keep-search-entry" type="b">
      <default>true</default>
      <summary>Keep search entry</summary>
      <description>Keep search entry when Pano hides.</description>
    </key>
    <key name="show-indicator" type="b">
      <default>true</default>
      <summary>Shows indicator</summary>
      <description>Shows an indicator on top panel.</description>
    </key>
    <key name="wiggle-indicator" type="b">
      <default>true</default>
      <summary>Wiggles indicator</summary>
      <description>Wiggles the indicator.</description>
    </key>
    <key name="link-previews" type="b">
      <default>true</default>
      <summary>Link Previews</summary>
      <description>Allow Pano to visit links on your clipboard to generate link previews.</description>
    </key>
    <key name="open-links-in-browser" type="b">
      <default>true</default>
      <summary>Open Links in Browser</summary>
      <description>Allow Pano to open links on your default browser.</description>
    </key>
    <key name="session-only-mode" type="b">
      <default>false</default>
      <summary>Session only mode</summary>
      <description>When enabled, Pano will clear all history on logout/restart/shutdown.</description>
    </key>
    <key name="sync-primary" type="b">
      <default>false</default>
      <summary>Sync primary</summary>
      <description>Sync primary selection with clipboard selection.</description>
    </key>
    <key name="watch-exclusion-list" type="b">
      <default>true</default>
      <summary>Watch exclusion list</summary>
      <description>
        When enabled, Pano will not track clipboard from excluded apps
      </description>
    </key>
    <key name="exclusion-list" type="as">
      <default>['Bitwarden', '1Password', 'KeePassXC', 'secrets', 'org.gnome.World.Secrets', 'org.keepassxc.KeePassXC']</default>
      <summary>Exclusion list</summary>
      <description>
        Excludes clipboard tracking for windows that has class name listed in here.
      </description>
    </key>
    <key type="u" name="icon-pack">
      <range min="0" max="1"/>
      <default>0</default>
      <summary>icon pack: 0-default 1-legacy</summary>
    </key>
    <key name="item-size" type="i">
      <range min="200" max="1000" />
      <default>250</default>
      <summary>Item Size</summary>
      <description>Controls size of the clipboard item.</description>
    </key>
    <key type="u" name="window-position">
      <range min="0" max="3"/>
      <default>2</default>
      <summary>icon pack: 0-top 1-right 2-bottom 3-left</summary>
    </key>
    <key name="window-background-color" type="s">
      <default>'rgba(35, 35, 35, 0.9)'</default>
      <summary>window-background-color</summary>
      <description>window-background-color</description>
    </key>
    <key name="incognito-window-background-color" type="s">
      <default>'rgba(36, 31, 49, 0.9)'</default>
      <summary>incognito-window-background-color</summary>
      <description>incognito-window-background-color</description>
    </key>
    <key name="search-bar-font-family" type="s">
      <default>'Cantarell Regular'</default>
      <summary>search-bar-font-family</summary>
      <description>search-bar-font-family</description>
    </key>
    <key name="search-bar-font-size" type="i">
      <default>14</default>
      <summary>search-bar-font-size</summary>
      <description>search-bar-font-size</description>
    </key>
    <key name="item-title-font-family" type="s">
      <default>'Cantarell Bold'</default>
      <summary>item-title-font-family</summary>
      <description>item-title-font-family</description>
    </key>
    <key name="item-title-font-size" type="i">
      <default>20</default>
      <summary>item-title-font-size</summary>
      <description>item-title-font-size</description>
    </key>
    <key name="item-date-font-family" type="s">
      <default>'Cantarell Regular'</default>
      <summary>item-date-font-family</summary>
      <description>item-date-font-family</description>
    </key>
    <key name="item-date-font-size" type="i">
      <default>11</default>
      <summary>item-date-font-size</summary>
      <description>item-date-font-size</description>
    </key>
    <key name="active-item-border-color" type="s">
      <default>'rgb(53, 132, 228)'</default>
      <summary>active-item-border-color</summary>
      <description>active-item-border-color</description>
    </key>
    <key name="hovered-item-border-color" type="s">
      <default>'rgba(53, 132, 228, 0.7)'</default>
      <summary>hovered-item-border-color</summary>
      <description>hovered-item-border-color</description>
    </key>

    <child name="link-item" schema="org.gnome.shell.extensions.pano.link-item" />
    <child name="text-item" schema="org.gnome.shell.extensions.pano.text-item" />
    <child name="emoji-item" schema="org.gnome.shell.extensions.pano.emoji-item" />
    <child name="file-item" schema="org.gnome.shell.extensions.pano.file-item" />
    <child name="image-item" schema="org.gnome.shell.extensions.pano.image-item" />
    <child name="code-item" schema="org.gnome.shell.extensions.pano.code-item" />
    <child name="color-item" schema="org.gnome.shell.extensions.pano.color-item" />
  </schema>

  <schema path="/org/gnome/shell/extensions/pano/link-item/" id="org.gnome.shell.extensions.pano.link-item">
    <key name="header-bg-color" type="s">
      <default>'rgb(98, 160, 234)'</default>
      <summary>header-bg-color</summary>
      <description>header-bg-color</description>
    </key>
    <key name="header-color" type="s">
      <default>'rgb(255, 255, 255)'</default>
      <summary>header-color</summary>
      <description>header-color</description>
    </key>
    <key name="body-bg-color" type="s">
      <default>'rgb(28, 113, 216)'</default>
      <summary>body-bg-color</summary>
      <description>body-bg-color</description>
    </key>
    <key name="metadata-bg-color" type="s">
      <default>'rgb(61, 56, 70)'</default>
      <summary>metadata-bg-color</summary>
      <description>metadata-bg-color</description>
    </key>
    <key name="metadata-title-color" type="s">
      <default>'rgb(255, 255, 255)'</default>
      <summary>metadata-title-color</summary>
      <description>metadata-title-color</description>
    </key>
    <key name="metadata-title-font-family" type="s">
      <default>'Cantarell Regular'</default>
      <summary>metadata-title-font-family</summary>
      <description>metadata-title-font-family</description>
    </key>
    <key name="metadata-title-font-size" type="i">
      <default>13</default>
      <summary>metadata-title-font-size</summary>
      <description>metadata-title-font-size</description>
    </key>
    <key name="metadata-description-color" type="s">
      <default>'rgb(255, 255, 255)'</default>
      <summary>metadata-description-color</summary>
      <description>metadata-description-color</description>
    </key>
    <key name="metadata-description-font-family" type="s">
      <default>'Cantarell Regular'</default>
      <summary>metadata-description-font-family</summary>
      <description>metadata-description-font-family</description>
    </key>
    <key name="metadata-description-font-size" type="i">
      <default>12</default>
      <summary>metadata-description-font-size</summary>
      <description>metadata-description-font-size</description>
    </key>
    <key name="metadata-link-color" type="s">
      <default>'rgb(255, 255, 255)'</default>
      <summary>metadata-link-color</summary>
      <description>metadata-link-color</description>
    </key>
    <key name="metadata-link-font-family" type="s">
      <default>'Cantarell Regular'</default>
      <summary>metadata-link-font-family</summary>
      <description>metadata-link-font-family</description>
    </key>
    <key name="metadata-link-font-size" type="i">
      <default>10</default>
      <summary>metadata-link-font-size</summary>
      <description>metadata-link-font-size</description>
    </key>
  </schema>

  <schema path="/org/gnome/shell/extensions/pano/text-item/" id="org.gnome.shell.extensions.pano.text-item">
    <key name="header-bg-color" type="s">
      <default>'rgb(26, 95, 180)'</default>
      <summary>header-bg-color</summary>
      <description>header-bg-color</description>
    </key>
    <key name="header-color" type="s">
      <default>'rgb(255, 255, 255)'</default>
      <summary>header-color</summary>
      <description>header-color</description>
    </key>
    <key name="body-bg-color" type="s">
      <default>'rgb(181, 131, 90)'</default>
      <summary>body-bg-color</summary>
      <description>body-bg-color</description>
    </key>
    <key name="body-color" type="s">
      <default>'rgb(0, 0, 0)'</default>
      <summary>body-color</summary>
      <description>body-color</description>
    </key>
    <key name="body-font-family" type="s">
      <default>'Cantarell Regular'</default>
      <summary>body-font-family</summary>
      <description>body-font-family</description>
    </key>
    <key name="body-font-size" type="i">
      <default>14</default>
      <summary>body-font-size</summary>
      <description>body-font-size</description>
    </key>
    <key name="char-length" type="i">
      <range min="50" max="5000" />
      <default>600</default>
      <summary>char-length</summary>
      <description>char-length</description>
    </key>
  </schema>

  <schema path="/org/gnome/shell/extensions/pano/emoji-item/" id="org.gnome.shell.extensions.pano.emoji-item">
    <key name="header-bg-color" type="s">
      <default>'rgb(255, 163, 72)'</default>
      <summary>header-bg-color</summary>
      <description>header-bg-color</description>
    </key>
    <key name="header-color" type="s">
      <default>'rgb(255, 255, 255)'</default>
      <summary>header-color</summary>
      <description>header-color</description>
    </key>
    <key name="body-bg-color" type="s">
      <default>'rgb(255, 190, 111)'</default>
      <summary>body-bg-color</summary>
      <description>body-bg-color</description>
    </key>
    <key name="emoji-size" type="i">
      <range min="10" max="300" />
      <default>64</default>
      <summary>emoji-size</summary>
      <description>emoji-size</description>
    </key>
  </schema>

  <schema path="/org/gnome/shell/extensions/pano/file-item/" id="org.gnome.shell.extensions.pano.file-item">
    <key name="header-bg-color" type="s">
      <default>'rgb(61, 56, 70)'</default>
      <summary>header-bg-color</summary>
      <description>header-bg-color</description>
    </key>
    <key name="header-color" type="s">
      <default>'rgb(255, 255, 255)'</default>
      <summary>header-color</summary>
      <description>header-color</description>
    </key>
    <key name="body-bg-color" type="s">
      <default>'rgb(250, 250, 250)'</default>
      <summary>body-bg-color</summary>
      <description>body-bg-color</description>
    </key>
    <key name="body-color" type="s">
      <default>'rgb(0, 0, 0)'</default>
      <summary>body-color</summary>
      <description>body-color</description>
    </key>
    <key name="body-font-family" type="s">
      <default>'Cantarell Regular'</default>
      <summary>body-font-family</summary>
      <description>body-font-family</description>
    </key>
    <key name="body-font-size" type="i">
      <default>13</default>
      <summary>body-font-size</summary>
      <description>body-font-size</description>
    </key>
  </schema>

  <schema path="/org/gnome/shell/extensions/pano/image-item/" id="org.gnome.shell.extensions.pano.image-item">
    <key name="header-bg-color" type="s">
      <default>'rgb(237, 51, 59)'</default>
      <summary>header-bg-color</summary>
      <description>header-bg-color</description>
    </key>
    <key name="header-color" type="s">
      <default>'rgb(255, 255, 255)'</default>
      <summary>header-color</summary>
      <description>header-color</description>
    </key>
    <key name="body-bg-color" type="s">
      <default>'rgb(61, 56, 70)'</default>
      <summary>body-bg-color</summary>
      <description>body-bg-color</description>
    </key>
    <key name="metadata-bg-color" type="s">
      <default>'rgba(0, 0, 0, 0.7)'</default>
      <summary>metadata-bg-color</summary>
      <description>metadata-bg-color</description>
    </key>
    <key name="metadata-color" type="s">
      <default>'rgb(255, 255, 255)'</default>
      <summary>metadata-color</summary>
      <description>metadata-color</description>
    </key>
    <key name="metadata-font-family" type="s">
      <default>'Cantarell Regular'</default>
      <summary>metadata-font-family</summary>
      <description>metadata-font-family</description>
    </key>
    <key name="metadata-font-size" type="i">
      <default>12</default>
      <summary>metadata-font-size</summary>
      <description>metadata-font-size</description>
    </key>
  </schema>

  <schema path="/org/gnome/shell/extensions/pano/code-item/" id="org.gnome.shell.extensions.pano.code-item">
    <key name="header-bg-color" type="s">
      <default>'rgb(36, 31, 49)'</default>
      <summary>header-bg-color</summary>
      <description>header-bg-color</description>
    </key>
    <key name="header-color" type="s">
      <default>'rgb(255, 255, 255)'</default>
      <summary>header-color</summary>
      <description>header-color</description>
    </key>
    <key name="body-bg-color" type="s">
      <default>'rgb(61, 56, 70)'</default>
      <summary>body-bg-color</summary>
      <description>body-bg-color</description>
    </key>
    <key name="body-font-family" type="s">
      <default>'monospace'</default>
      <summary>body-font-family</summary>
      <description>body-font-family</description>
    </key>
    <key name="body-font-size" type="i">
      <default>13</default>
      <summary>body-font-size</summary>
      <description>body-font-size</description>
    </key>
    <key name="char-length" type="i">
      <range min="50" max="5000" />
      <default>600</default>
      <summary>char-length</summary>
      <description>char-length</description>
    </key>
  </schema>

  <schema path="/org/gnome/shell/extensions/pano/color-item/" id="org.gnome.shell.extensions.pano.color-item">
    <key name="header-bg-color" type="s">
      <default>'rgb(145, 65, 172)'</default>
      <summary>header-bg-color</summary>
      <description>header-bg-color</description>
    </key>
    <key name="header-color" type="s">
      <default>'rgb(255, 255, 255)'</default>
      <summary>header-color</summary>
      <description>header-color</description>
    </key>
    <key name="metadata-bg-color" type="s">
      <default>'rgb(0, 0, 0)'</default>
      <summary>metadata-bg-color</summary>
      <description>metadata-bg-color</description>
    </key>
    <key name="metadata-color" type="s">
      <default>'rgb(255, 255, 255)'</default>
      <summary>metadata-color</summary>
      <description>metadata-color</description>
    </key>
    <key name="metadata-font-family" type="s">
      <default>'Cantarell Regular'</default>
      <summary>metadata-font-family</summary>
      <description>metadata-font-family</description>
    </key>
    <key name="metadata-font-size" type="i">
      <default>16</default>
      <summary>metadata-font-size</summary>
      <description>metadata-font-size</description>
    </key>
  </schema>
</schemalist>