<?xml version="1.0" encoding="UTF-8"?>
<schemalist>
  <schema id="org.gnome.shell.extensions.quick-settings-tweaks" path="/org/gnome/shell/extensions/quick-settings-tweaks/">
    <key name="user-removed-buttons" type="as">
      <default>[]</default>
    </key>
    <key name="list-buttons" type="s">
      <default>"[]"</default>
    </key>

    <!-- list of enabled features -->
    <key name="add-dnd-quick-toggle-enabled" type="b">
      <default>true</default>
    </key>
    <key name="volume-mixer-enabled" type="b">
      <default>true</default>
    </key>
    <key name="notifications-enabled" type="b">
      <default>true</default>
    </key>
    <key name="media-control-enabled" type="b">
      <default>true</default>
    </key>
    <key name="disable-adjust-content-border-radius" type="b">
      <default>false</default>
    </key>
    <key name="disable-remove-shadow" type="b">
      <default>false</default>
    </key>

    <!-- notifications -->
    <key name="notifications-position" type="s">
      <!-- "bottom" or "top" -->
      <default>"bottom"</default>
    </key>
    <key name="notifications-integrated" type="b">
      <default>true</default>
    </key>
    <key name="notifications-use-native-controls" type="b">
      <default>false</default>
    </key>
    <key name="notifications-hide-when-no-notifications" type="b">
      <default>true</default>
    </key>
    <key name="notifications-max-height" type="i">
      <default>292</default>
    </key>
    <key name="datemenu-remove-notifications" type="b">
      <default>true</default>
    </key>
    <key name="datemenu-fix-weather-widget" type="b">
      <default>true</default>
    </key>

    <!-- media control -->
    <key name="media-control-compact-mode" type="b">
      <default>true</default>
    </key>
    <key name="datemenu-remove-media-control" type="b">
      <default>true</default>
    </key>

    <!-- volume mixer -->
    <key name="volume-mixer-use-regex" type="b">
      <default>false</default>
    </key>
    <key name="volume-mixer-check-description" type="b">
      <default>true</default>
    </key>
    <key name="volume-mixer-position" type="s">
      <!-- "bottom" / "top" -->
      <default>"top"</default>
    </key>
    <key name="volume-mixer-filtered-apps" type="as">
      <default>[]</default>
    </key>
    <key name="volume-mixer-show-description" type="b">
      <default>true</default>
    </key>
    <key name="volume-mixer-show-icon" type="b">
      <default>true</default>
    </key>
    <key name="volume-mixer-filter-mode" type="s">
      <choices>
        <choice value='block'/>
        <choice value='allow'/>
      </choices>
      <default>'block'</default>
    </key>

    <!-- input output -->
    <key name="output-show-selected" type="b">
      <default>false</default>
    </key>
    <key name="input-show-selected" type="b">
      <default>false</default>
    </key>
    <key name="input-always-show" type="b">
      <default>false</default>
    </key>
  </schema>
</schemalist>
