{
  "_generated": "Generated by SweetTooth, do not edit",
  "description": "Settings Center is a customizable drop-down menu for quickly launching frequently used apps in Gnome:Shell via the quicksettings. Originally created by XES.\n\nSettings shortcuts : gnome-tweak-tool, dconf-editor, gconf-editor, gnome-session-properties, gnome-shell-extension-prefs, seahorse and nvidia-settings. You can add your own\n\nOriginal source : http://svn.xesnet.fr/gnomeextensions",
  "donations": {
    "github": "ChrisLauinger77",
    "paypal": "ChrisLauinger"
  },
  "gettext-domain": "SettingsCenter",
  "name": "SettingsCenter",
  "original-author": "Xes, l300lvl",
  "settings-schema": "org.gnome.shell.extensions.SettingsCenter",
  "shell-version": [
    "47",
    "48"
  ],
  "url": "https://github.com/ChrisLauinger77/gnome-shell-extension-SettingsCenter",
  "uuid": "SettingsCenter@lauinger-clan.de",
  "version": 40,
  "version-name": "48.0"
}