{
  "_generated": "Generated by SweetTooth, do not edit",
  "description": "Adds Gtk4 icons to the Gnome desktop. Gtk4 Fork of the original Desktop Icons extension, with several enhancements.",
  "gettext-domain": "gtk4-ding",
  "name": "Gtk4 Desktop Icons NG (DING)",
  "session-modes": [
    "unlock-dialog",
    "user"
  ],
  "settings-schema": "org.gnome.shell.extensions.gtk4-ding",
  "shell-version": [
    "45",
    "46"
  ],
  "url": "https://gitlab.com/smedius/desktop-icons-ng",
  "uuid": "gtk4-ding@smedius.gitlab.com",
  "version": 83,
  "version-name": "80"
}