{
  "_generated": "Generated by SweetTooth, do not edit",
  "description": "Libadwaita/Gtk4 Port of Desktop Icons NG with updated and modified code base, uses gio menus, all functions are async where possible, multiple fixes and new features-\n\n* Now uses libadwaita.\n* Make Links on Desktop with Alt button on Wayland. Does not work with X11.\n* Copied/dropped/pasted files retain dropped position.\n* Right Click Menus will not go under the dock.\n* Better multi monitor support, preference to place icons on non primary monitor.\n* GSconnect extension integration, can send files from desktop directly to mobile device.\n* Drag and drop Favorite apps from Dash to Dock, Dash to Panel directly to Desktop or remove from favorites.\n* Improved gesture switching of workspaces, icons appear to be on all workspaces in moving windows.\n* Support for dragging icons onto the dock - Drag icons from desktop to and drop over application icon to open them with the app. Works with Dash to Dock and Dash to Panel.\n* Support for dragging icons from desktop directly to Trash on Dash to Dock or to mounted volumes to copy them directly.\n* Display GIMP thumbnails, even for snap and flatpack installs.\n\nPlease see Readme for full details of new features. Works best on Wayland. There is a bug in GJS on X11, please see Readme. This extension now works with some hacks, even on X11. However your mileage may vary and use with caution on X11 and report any issues.\n\nPlease report all issues on the gitlab link below, this page is not monitored. All known issues are detailed there.\n\nExtension Homepage https://gitlab.com/smedius/desktop-icons-ng",
  "gettext-domain": "gtk4-ding@smedius.gitlab.com",
  "name": "Libadwaita, Gtk4 Desktop Icons NG with GSconnect Integration, Drag and Drop onto Dock (Gtk4-DING)",
  "session-modes": [
    "user",
    "unlock-dialog"
  ],
  "settings-schema": "org.gnome.shell.extensions.gtk4-ding",
  "shell-version": [
    "42",
    "43",
    "44"
  ],
  "url": "https://gitlab.com/smedius/desktop-icons-ng",
  "uuid": "gtk4-ding@smedius.gitlab.com",
  "version": 38
}