{
  "_generated": "Generated by SweetTooth, do not edit",
  "description": "Make your desktop easy on the eye, day and night.\n\nAutomatically toggle the color scheme between light and dark, switch backgrounds and run custom commands at sunset and sunrise.\n\nSupports Night Light, Location Services, manual schedule and on-demand switch modes.\n",
  "gettext-domain": "nightthemeswitcher@romainvigier.fr",
  "name": "Night Theme Switcher",
  "session-modes": [
    "unlock-dialog",
    "user"
  ],
  "settings-schema": "org.gnome.shell.extensions.nightthemeswitcher",
  "shell-version": [
    "42"
  ],
  "url": "https://nightthemeswitcher.romainvigier.fr",
  "uuid": "nightthemeswitcher@romainvigier.fr",
  "version": 65
}