{
  "_generated": "Generated by SweetTooth, do not edit",
  "build-type": "release",
  "description": "Automatically toggle your desktop\u2019s color scheme between light and dark, switch backgrounds and run custom commands at sunset and sunrise.\n\n\u26a0\ufe0f Ubuntu is not supported due to their heavily patched GNOME components that conflict with the extension \u26a0\ufe0f",
  "gettext-domain": "nightthemeswitcher@romainvigier.fr",
  "name": "Night Theme Switcher",
  "session-modes": [
    "unlock-dialog",
    "user"
  ],
  "settings-schema": "org.gnome.shell.extensions.nightthemeswitcher",
  "shell-version": [
    "44"
  ],
  "url": "https://nightthemeswitcher.romainvigier.fr",
  "uuid": "nightthemeswitcher@romainvigier.fr",
  "version": 74
}