{
  "_generated": "Generated by SweetTooth, do not edit",
  "build-type": "release",
  "description": "Automatically toggle your desktop\u2019s color scheme between light and dark, switch backgrounds and run custom commands at sunset and sunrise.",
  "gettext-domain": "nightthemeswitcher@romainvigier.fr",
  "name": "Night Theme Switcher",
  "session-modes": [
    "unlock-dialog",
    "user"
  ],
  "settings-schema": "org.gnome.shell.extensions.nightthemeswitcher",
  "shell-version": [
    "45"
  ],
  "url": "https://nightthemeswitcher.romainvigier.fr",
  "uuid": "nightthemeswitcher@romainvigier.fr",
  "version": 75
}