{
  "_generated": "Generated by SweetTooth, do not edit",
  "description": "Load shell themes from user directory.",
  "extension-id": "user-theme",
  "gettext-domain": "gnome-shell-extension-user-theme",
  "name": "User Themes",
  "original-authors": [
    "john.stowers@gmail.com"
  ],
  "settings-schema": "org.gnome.shell.extensions.user-theme",
  "shell-version": [
    "47"
  ],
  "url": "https://gitlab.gnome.org/GNOME/gnome-shell-extensions",
  "uuid": "user-theme@gnome-shell-extensions.gcampax.github.com",
  "version": 61
}