{
  "_generated": "Generated by SweetTooth, do not edit",
  "description": "Shutdown/reboot/suspend the device after a specific time or wake with a rtc alarm.\n\nThe screen-saver will not interrupt the timer. A privileged control script may be installed to control shutdown and rtcwake as user.",
  "gettext-domain": "ShutdownTimer",
  "name": "Shutdown Timer",
  "session-modes": [
    "unlock-dialog",
    "user"
  ],
  "settings-schema": "org.gnome.shell.extensions.shutdowntimer-deminder",
  "shell-version": [
    "45"
  ],
  "url": "https://github.com/Deminder/ShutdownTimer",
  "uuid": "ShutdownTimer@deminder",
  "version": 42
}