<?xml version="1.0" encoding="UTF-8"?>
<schemalist>
  <schema id="org.gnome.shell.extensions.do-not-disturb-while-screen-sharing-or-recording" 
          path="/org/gnome/shell/extensions/do-not-disturb-while-screen-sharing-or-recording/">
    <!-- See also: https://docs.gtk.org/glib/gvariant-format-strings.html -->
    <key name="dnd-on-screen-sharing" type="b">
      <default>true</default>
      <description>Decides whether Do Not Disturb should be automatically switched on while screen sharing</description>
    </key>
    <key name="dnd-on-screen-recording" type="b">
      <default>true</default>
      <description>Decides whether Do Not Disturb should be automatically switched on while screen recording</description>
    </key>
    <key name="is-wayland" type="b">
      <default>true</default>
      <description>Internal state informing prefs if Wayland session is running</description>
    </key>
  </schema>
</schemalist>