<?xml version="1.0" encoding="UTF-8"?>
<schemalist>
  <schema id="org.gnome.shell.extensions.privacy-menu" path="/org/gnome/shell/extensions/privacy-menu/">
    <key name="move-icon-right" type="b">
      <default>true</default>
      <summary>Move status icon right</summary>
      <description>Force the icon to move to right side of the status area</description>
    </key>
    <key name="use-quick-settings" type="b">
      <default>true</default>
      <summary>Use quick settings menu</summary>
      <description>Use the system quick settings area, instead of an indicator</description>
    </key>
  </schema>
</schemalist>
