{
  "_generated": "Generated by SweetTooth, do not edit",
  "description": "Enable screen rotation regardless of touch mode. Fork of Screen Autorotate by Kosmospredanie.",
  "gettext-domain": "gnome-shell-extension-screen-rotate",
  "name": "Screen Rotate",
  "session-modes": [
    "unlock-dialog",
    "user"
  ],
  "settings-schema": "org.gnome.shell.extensions.screen-rotate",
  "shell-version": [
    "45",
    "46",
    "47"
  ],
  "url": "https://github.com/shyzus/gnome-shell-extension-screen-autorotate",
  "uuid": "screen-rotate@shyzus.github.io",
  "version": 24
}