{
  "_generated": "Generated by SweetTooth, do not edit",
  "description": "Create a new panel containing volumes and media control in the quick settings",
  "gettext-domain": "quick-settings-audio-panel@rayzeq.github.io",
  "name": "Quick Settings Audio Panel",
  "settings-schema": "org.gnome.shell.extensions.quick-settings-audio-panel",
  "shell-version": [
    "45"
  ],
  "url": "https://github.com/Rayzeq/quick-settings-audio-panel",
  "uuid": "quick-settings-audio-panel@rayzeq.github.io",
  "version": 34
}