<?xml version="1.0" encoding="UTF-8"?>
<schemalist>
  <schema id="org.gnome.shell.extensions.launcher" path="/org/gnome/shell/extensions/launcher/">
    <key name="path" type="s">
      <default>""</default>
    </key>
    <key name="log" type="b">
      <default>false</default>
    </key>
    <key name="notify" type="b">
      <default>true</default>
    </key>
    <key name="shebang-icon" type="b">
      <default>true</default>
    </key>
    <key name="default-icon" type="s">
      <default>"pan-end-symbolic"</default>
    </key>
    <key name="strip" type="b">
      <default>true</default>
    </key>
  </schema>
</schemalist>
