<!-- 
-    org.gnome.shell.extensions.screen-rotate.gschema.xml
- Copyright (C) 2023 shyzus, Shinigaminai
-
- This program is free software: you can redistribute it and/or modify
- it under the terms of the GNU General Public License as published by
- the Free Software Foundation, either version 3 of the License, or
- (at your option) any later version.
-
- This program is distributed in the hope that it will be useful,
- but WITHOUT ANY WARRANTY; without even the implied warranty of
- MERCHANTABILITY or FITNESS FOR A PARTICULAR PURPOSE.  See the
- GNU General Public License for more details.
-
- You should have received a copy of the GNU General Public License
- along with this program.  If not, see <https://www.gnu.org/licenses/>.
-
-->
<?xml version="1.0" encoding="UTF-8"?>
<schemalist>
  <schema id="org.gnome.shell.extensions.screen-rotate"
    path="/org/gnome/shell/extensions/screen-rotate/">

    <key type="b" name="invert-horizontal-rotation-direction">
      <default>false</default>
      <description>Invert horizontal rotation direction of the screen</description>
    </key>
    <key type="b" name="invert-vertical-rotation-direction">
      <default>false</default>
      <description>Invert vertical rotation direction of the screen</description>
    </key>
    <key type="b" name="flip-orientation">
      <default>false</default>
      <description>Alter orientation. (e.g: Landscape to Portrait. Default is Landscape.)</description>
    </key>
    <key type="i" name="orientation-offset">
      <default>0</default>
      <description>Experiment with this offset in case orientation is incorrect.</description>
    </key>
    <key type="b" name="debug-logging">
      <default>false</default>
      <description>Toggle debug logging.</description>
    </key>
  </schema>

</schemalist>
