{
  "_generated": "Generated by SweetTooth, do not edit",
  "description": "Battery Health Charging: An extension to maximize the battery life of laptops by setting their charging threshold or modes.\n\nCompatible with\n- Asus \n- LG \n- Samsung \n- Sony \n- Huawei \n- Toshiba \n- System76 \n- Lenovo \n- Thinkpad \n- Panasonic \n- Acer (dependecies: custom dkms) \n- MSI (dependecies: custom dkms) \n- Tuxedo (dependecies: custom dkms) \n- Tuxedo IntelQC71 (dependecies: custom dkms) \n- XMG IntelQC71 (dependecies: custom dkms) \n- Eluktronics IntelQC71 (dependecies: custom dkms) \n- Gigabyte Aero/Aorus (dependecies: custom dkms) \n- Dell (dependecies: custom package libsmbios) \n- Dell (dependecies: custom package Dell Command Center) \n- Apple Macbook Intel-series chip (dependecies: custom dkms) \n- Apple Macbook M-series chip (dependecies: custom kernel) \n\nNot all models are comaptible. Please read about the compatibility and dependencies of your device on github link below.\n\nhttps://github.com/maniacx/Battery-Health-Charging",
  "gettext-domain": "Battery-Health-Charging@maniacx.github.com",
  "name": "Battery Health Charging",
  "session-modes": [
    "user",
    "unlock-dialog"
  ],
  "settings-schema": "org.gnome.shell.extensions.Battery-Health-Charging",
  "shell-version": [
    "42",
    "43",
    "44"
  ],
  "url": "https://github.com/maniacx/Battery-Health-Charging",
  "uuid": "Battery-Health-Charging@maniacx.github.com",
  "version": 17
}