<!--
	SPDX-FileCopyrightText: 2023 Deminder <tremminder@gmail.com>
	SPDX-License-Identifier: GPL-3.0-or-later
-->
<node>
 <interface name="org.gnome.shell.Extensions.ShutdownTimer">
  <method name="ScheduleShutdown">
   <arg type="b" direction="in" name="shutdown"/>
   <arg type="s" direction="in" name="action"/>
  </method>
  <method name="ScheduleWake">
   <arg type="b" direction="in" name="wake"/>
  </method>
  <method name="GetState">
   <arg type="s" direction="out" name="state"/>
  </method>
  <signal name="OnMessage">
   <arg type="s" direction="out" name="message"/>
  </signal>
  <signal name="OnStateChange">
   <arg type="s" direction="out" name="state"/>
  </signal>
	<signal name="OnExternalChange"/>
 </interface>
</node>

