{
  "_generated": "Generated by SweetTooth, do not edit",
  "author": "Charlotte <gfas@cza.li>",
  "author-html": "Charlotte &lt;<a href=\"mailto:gfas@cza.li\">gfas@cza.li</a>&gt;",
  "description": "Fuzzy application search results for Gnome Search",
  "description-html": "<a href=\"https://en.wikipedia.org/wiki/Approximate_string_matching\">Fuzzy</a> application search results for <a href=\"https://developer.gnome.org/SearchProvider/\">Gnome Search</a>.",
  "email": "gfas@cza.li",
  "gettext-domain": "gnome-fuzzy-app-search",
  "license": "GNU General Public License v3.0",
  "license-html": "This program comes with ABSOLUTELY NO WARRANTY.\nSee the <a href=\"https://www.gnu.org/licenses/gpl-3.0.html\">GNU General Public License v3.0</a> for details.",
  "name": "GNOME Fuzzy App Search",
  "original-author": "Franjo Filo <fffilo666@gmail.com>",
  "original-author-html": "Franjo Filo &lt;<a href=\"mailto:fffilo666@gmail.com\">fffilo666@gmail.com</a>&gt;",
  "shell-version": [
    "45"
  ],
  "url": "https://gitlab.com/czarlie/gnome-fuzzy-app-search",
  "uuid": "gnome-fuzzy-app-search@gnome-shell-extensions.Czarlie.gitlab.com",
  "version": 20
}