<?xml version="1.0" encoding="UTF-8"?>
<schemalist>
  <schema id="org.gnome.shell.extensions.quicksettings-audio-devices-renamer"
          path="/org/gnome/shell/extensions/quicksettings-audio-devices-renamer/">
    <!-- See also: https://docs.gtk.org/glib/gvariant-format-strings.html -->
    <key name="output-names-map" type="a{ss}">
      <default>[]</default>
      <description>A dictionary of (original; custom) output devices names</description>
    </key>
        <key name="input-names-map" type="a{ss}">
      <default>[]</default>
      <description>A dictionary of (original; custom) input devices names</description>
    </key>
  </schema>
</schemalist>
