{
  "_generated": "Generated by SweetTooth, do not edit",
  "base": "org.gnome.shell.extensions.task-widget",
  "coffee": "https://www.buymeacoffee.com/nbxwfpm",
  "dependencies": "https://gitlab.com/jmiskinis/gnome-shell-extension-task-widget/wikis/Installation",
  "description": "Display tasks next to the calendar widget.\n\nVisit our Wiki page for more information and troubleshooting.",
  "epath": "/org/gnome/shell/extensions/task-widget",
  "gresource": "org.gnome.shell.extensions.task-widget.gresource",
  "liberapay": "https://liberapay.com/joasis/",
  "locale": "user-specific",
  "name": "Task Widget",
  "paypal": "https://paypal.me/jmiskinis",
  "schemas": "user-specific",
  "shell-version": [
    "3.36",
    "3.38",
    "40",
    "41",
    "42",
    "43",
    "44"
  ],
  "url": "https://gitlab.com/jmiskinis/gnome-shell-extension-task-widget",
  "uuid": "task-widget@juozasmiskinis.gitlab.io",
  "version": 16,
  "wiki": "https://gitlab.com/jmiskinis/gnome-shell-extension-task-widget/wikis"
}