{
  "_generated": "Generated by SweetTooth, do not edit",
  "coffee": "https://www.buymeacoffee.com/nbxwfpm",
  "dependencies": "https://gitlab.com/jmiskinis/gnome-shell-extension-task-widget/wikis/Installation",
  "description": "Display tasks next to the calendar widget.\n\nVisit our Wiki page for more information and troubleshooting.",
  "epath": "/org/gnome/shell/extensions/task-widget",
  "gettext-domain": "org.gnome.shell.extensions.task-widget",
  "gresource": "org.gnome.shell.extensions.task-widget.gresource",
  "liberapay": "https://liberapay.com/joasis/",
  "name": "Task Widget",
  "paypal": "https://paypal.me/jmiskinis",
  "settings-schema": "org.gnome.shell.extensions.task-widget",
  "shell-version": [
    "45"
  ],
  "url": "https://gitlab.com/jmiskinis/gnome-shell-extension-task-widget",
  "uuid": "task-widget@juozasmiskinis.gitlab.io",
  "version": 19,
  "wiki": "https://gitlab.com/jmiskinis/gnome-shell-extension-task-widget/wikis"
}