{
  "_generated": "Generated by SweetTooth, do not edit",
  "dependencies": "https://gitlab.com/jmiskinis/gnome-shell-extension-task-widget/wikis/Installation",
  "description": "Display tasks next to the calendar widget.\n\nVisit our Wiki page for more information and troubleshooting.",
  "donations": {
    "buymeacoffee": "jmiskinis",
    "liberapay": "joasis",
    "paypal": "jmiskinis"
  },
  "epath": "/org/gnome/shell/extensions/task-widget",
  "gettext-domain": "org.gnome.shell.extensions.task-widget",
  "gresource": "org.gnome.shell.extensions.task-widget.gresource",
  "name": "Task Widget",
  "settings-schema": "org.gnome.shell.extensions.task-widget",
  "shell-version": [
    "46",
    "47"
  ],
  "url": "https://gitlab.com/jmiskinis/gnome-shell-extension-task-widget",
  "uuid": "task-widget@juozasmiskinis.gitlab.io",
  "version": 22,
  "wiki": "https://gitlab.com/jmiskinis/gnome-shell-extension-task-widget/wikis"
}