<schemalist>
  <schema id="org.gnome.shell.extensions.quick-settings" path="/org/gnome/shell/extensions/quick-settings/">
    <key name="nm-connections-last-wired" type="s">
      <default>""</default>
    </key>
    <key name="nm-connections-last-wireless" type="s">
      <default>""</default>
    </key>
    <key name="nm-connections-last-modem" type="s">
      <default>""</default>
    </key>
    <key name="nm-connections-last-bluetooth" type="s">
      <default>""</default>
    </key>
    <key name="nm-connections-last-vpn" type="s">
      <default>""</default>
    </key>
  </schema>
</schemalist>
