<?xml version="1.0" encoding="UTF-8"?>
<schemalist>
    <schema id="org.gnome.shell.extensions.windowgestures"
        path="/org/gnome/shell/extensions/windowgestures/">

        <key name="three-finger" type="b">
            <default>false</default>
            <summary>Use 3 Fingers</summary>
        </key>
        <key name="use-active-window" type="b">
            <default>true</default>
            <summary>Handle Active Window</summary>
        </key>
        <key name="taphold-move" type="b">
            <default>true</default>
            <summary>Tap and hold to move</summary>
        </key>

        <key name="fn-resize" type="b">
            <default>true</default>
            <summary>Enable Resize</summary>
        </key>
        <key name="fn-move" type="b">
            <default>true</default>
            <summary>Enable Move</summary>
        </key>
        <key name="fn-maximized-snap" type="b">
            <default>true</default>
            <summary>Enable Maximized Snap</summary>
        </key>
        <key name="fn-move-snap" type="b">
            <default>true</default>
            <summary>Enable Move Snap</summary>
        </key>
        <key name="fn-fullscreen" type="b">
            <default>true</default>
            <summary>Enable Fullscreen</summary>
        </key>
        <key name="pinch-enable" type="b">
            <default>true</default>
            <summary>Enable Pinch</summary>
        </key>

        <key type="i" name="swipe4-left">
            <default>7</default>
            <summary>Swipe 4 Fingers Left</summary>
            <range min="0" max="30"/>
        </key>
        <key type="i" name="swipe4-right">
            <default>6</default>
            <summary>Swipe 4 Fingers Right</summary>
            <range min="0" max="30"/>
        </key>
        <key type="i" name="swipe3-down">
            <default>3</default>
            <summary>Swipe 3 Fingers Down</summary>
            <range min="0" max="30"/>
        </key>
        <key type="i" name="swipe3-left">
            <default>5</default>
            <summary>Swipe 3 Fingers Left</summary>
            <range min="0" max="30"/>
        </key>
        <key type="i" name="swipe3-right">
            <default>4</default>
            <summary>Swipe 3 Fingers Right</summary>
            <range min="0" max="30"/>
        </key>
        <key type="i" name="swipe4-updown">
            <default>0</default>
            <summary>Swipe 4 Fingers Up+Down</summary>
            <range min="0" max="30"/>
        </key>
        <key type="i" name="swipe3-downup">
            <default>0</default>
            <summary>Swipe 3 Fingers Down+Up</summary>
            <range min="0" max="30"/>
        </key>


        <key type="i" name="pinch3-in">
            <default>1</default>
            <summary>Pinch-In 3 Fingers</summary>
            <range min="0" max="30"/>
        </key>
        <key type="i" name="pinch3-out">
            <default>3</default>
            <summary>Pinch-Out 3 Fingers</summary>
            <range min="0" max="30"/>
        </key>
        <key type="i" name="pinch4-in">
            <default>0</default>
            <summary>Pinch-In 4 Fingers</summary>
            <range min="0" max="30"/>
        </key>
        <key type="i" name="pinch4-out">
            <default>0</default>
            <summary>Pinch-Out 4 Fingers</summary>
            <range min="0" max="30"/>
        </key>

        <key type="i" name="pinch-in-scale">
            <default>50</default>
            <summary>Pinch-In Scale</summary>
            <range min="30" max="80"/>
        </key>
        <key type="i" name="pinch-out-scale">
            <default>150</default>
            <summary>Pinch-In Scale</summary>
            <range min="120" max="200"/>
        </key>
        <key type="i" name="edge-size">
            <default>32</default>
            <summary>Edge Size for Resize</summary>
            <range min="16" max="96"/>
        </key>
        <key type="i" name="top-edge-size">
            <default>64</default>
            <summary>Title Edge size</summary>
            <range min="16" max="96"/>
        </key>
        <key type="i" name="gesture-threshold">
            <default>32</default>
            <summary>Gesture Threshold</summary>
            <range min="16" max="64"/>
        </key>
        <key type="i" name="gesture-cancel-threshold">
            <default>8</default>
            <summary>Gesture Cancel Threshold</summary>
            <range min="4" max="32"/>
        </key>

        <key type="i" name="gesture-acceleration">
            <default>15</default>
            <summary>Gesture Acceleration</summary>
            <range min="10" max="25"/>
        </key>
    </schema>
</schemalist>