{
  "_generated": "Generated by SweetTooth, do not edit",
  "description": "Improve touchpad gestures for Wayland/X11\n\nThis extension adds following features:\n\n\u2022 Switch windows from current workspace using 3-finger horizontal swipe\n\u2022 Cyclic gestures between Desktop/Overview/AppGrid using 4 vertical swipe\n\u2022 Switch app-pages using 3-finger swipe gesture on AppGrid\n\u2022 Unmaximize/maximize/fullscreen/half-tiling using 3-finger vertical & horizontal gesture\n\u2022 Optional minimize a window gesture\n\u2022 Override 3-finger gesture with 4-finger for switching workspace\n\u2022 Pinch to show desktop\n\u2022 Application specific keyboard shortcut based hold-swipe gestures (e.g., navigating browser tabs)\n\u2022 Configure speed of gestures\n\u2022 Support for X11\n   \nOn X11, you need to install https://github.com/harshadgavali/gnome-x11-gesture-daemon\n\nReport any bugs/requests on GitHub (link directly below)\n",
  "name": "Gesture Improvements",
  "settings-schema": "org.gnome.shell.extensions.gestureImprovements",
  "shell-version": [
    "46"
  ],
  "url": "https://github.com/harshadgavali/gnome-gesture-improvements",
  "uuid": "gestureImprovements@gestures",
  "version": 30
}
