<?xml version="1.0" encoding="UTF-8"?>
<schemalist gettext-domain="gnome-shell-extensions">
    <schema path="/org/gnome/shell/extensions/Battery-Health-Charging/" id="org.gnome.shell.extensions.Battery-Health-Charging">
        <key name="charging-mode" type="s">
            <default>"ful"</default>
            <summary>'ful' = Full Capacity mode, 'bal' = balance mode, 'max' = maximum lifespan mode</summary>
        </key>
        <key name="device-type" type="i">
            <default>0</default>
            <summary>Type fo device found during init</summary>
        </key>
        <key name="show-battery-panel2" type="b">
            <default>false</default>
            <summary>show battery panel 2 if true</summary>
        </key>
        <key name="icon-style-type" type="i">
            <default>0</default>
            <summary>icon sytle 0 = symbol only, 1 = symbols and percentage, 2 = percetage highlighted</summary>
        </key>
        <key name="show-notifications" type="b">
            <default>true</default>
            <summary>Toggle to show notifications</summary>
        </key>
        <key name="show-preferences" type="b">
            <default>true</default>
            <summary>Toggle to show preference in quickmenu</summary>
        </key>
        <key name="show-system-indicator" type="b">
            <default>true</default>
            <summary>Toggle to show systemindicator</summary>
        </key>
        <key name="show-quickmenu-subtitle" type="b">
            <default>true</default>
            <summary>Toggle to show quickmenu subtitle</summary>
        </key>
        <key name="indicator-position" type="i">
            <default>0</default>
            <summary>Visible position offset of status icon in indicator menu</summary>
        </key>
        <key name="indicator-position-index" type="i">
            <default>0</default>
            <summary>Real position offset of status icon in indicator menu that include invisible one</summary>
        </key>
        <key name="indicator-position-max" type="i">
            <default>1</default>
            <summary>Last item index in indicator menu</summary>
        </key>
        <key name="amend-power-indicator" type="b">
            <default>false</default>
            <summary>Toggle to correct power indicator icon</summary>
        </key>
        <key name="install-service" type="i">
            <default>1</default>
            <summary>Install service</summary>
        </key>
        <key name="ctl-path" type="s">
            <default>""</default>
            <summary>Path of ctl</summary>
        </key>
        <key name="default-threshold" type="b">
            <default>true</default>
            <summary>Toggle between default and customized threshold</summary>
        </key>
        <key name="dummy-default-threshold" type="b">
            <default>true</default>
            <summary>Toggle when default is clicked to apply threshold after default changes</summary>
        </key>
        <key name="dummy-apply-threshold" type="b">
            <default>false</default>
            <summary>Toggles when apply changes. Used only to _updatePanelMenu</summary>
        </key>
        <key name="ful-end-threshold" type="i">
            <default>100</default>
            <summary>full capacity mode end threshold adjustment value</summary>
        </key>
        <key name="ful-start-threshold" type="i">
            <default>95</default>
            <summary>full capacity mode start threshold adjustment value</summary>
        </key>
        <key name="bal-end-threshold" type="i">
            <default>80</default>
            <summary>balance mode end threshold adjustment value</summary>
        </key>
        <key name="bal-start-threshold" type="i">
            <default>75</default>
            <summary>balance mode start threshold adjustment value</summary>
        </key>
        <key name="max-end-threshold" type="i">
            <default>60</default>
            <summary>maxlife mode end threshold adjustment value</summary>
        </key>
        <key name="max-start-threshold" type="i">
            <default>55</default>
            <summary>maxlife mode start threshold adjustment value</summary>
        </key>
        <key name="current-ful-end-threshold" type="i">
            <default>100</default>
            <summary>full capacity mode end threshold applied value</summary>
        </key>
        <key name="current-ful-start-threshold" type="i">
            <default>95</default>
            <summary>full capacity mode start threshold applied value</summary>
        </key>
        <key name="current-bal-end-threshold" type="i">
            <default>80</default>
            <summary>balance mode end threshold applied value</summary>
        </key>
        <key name="current-bal-start-threshold" type="i">
            <default>75</default>
            <summary>balance mode start threshold applied value</summary>
        </key>
        <key name="current-max-end-threshold" type="i">
            <default>60</default>
            <summary>maxlife mode end threshold applied value</summary>
        </key>
        <key name="current-max-start-threshold" type="i">
            <default>55</default>
            <summary>maxlife mode start threshold applied value</summary>
        </key>
        <key name="charging-mode2" type="s">
            <default>"ful"</default>
            <summary>'ful' = Full Capacity mode, 'bal' = balance mode, 'max' = maximum lifespan mode</summary>
        </key>
        <key name="default-threshold2" type="b">
            <default>true</default>
            <summary>Toggle between default and customized threshold</summary>
        </key>
        <key name="dummy-default-threshold2" type="b">
            <default>true</default>
            <summary>Toggle when default is clicked to apply threshold after default changes</summary>
        </key>
        <key name="dummy-apply-threshold2" type="b">
            <default>false</default>
            <summary>Toggles when apply changes. Used only to _updatePanelMenu</summary>
        </key>
        <key name="ful-end-threshold2" type="i">
            <default>100</default>
            <summary>full capacity mode end threshold adjustment value</summary>
        </key>
        <key name="ful-start-threshold2" type="i">
            <default>95</default>
            <summary>full capacity mode start threshold adjustment value</summary>
        </key>
        <key name="bal-end-threshold2" type="i">
            <default>80</default>
            <summary>balance mode end threshold adjustment value</summary>
        </key>
        <key name="bal-start-threshold2" type="i">
            <default>75</default>
            <summary>balance mode start threshold adjustment value</summary>
        </key>
        <key name="max-end-threshold2" type="i">
            <default>60</default>
            <summary>maxlife mode end threshold adjustment value</summary>
        </key>
        <key name="max-start-threshold2" type="i">
            <default>55</default>
            <summary>maxlife mode start threshold adjustment value</summary>
        </key>
        <key name="current-ful-end-threshold2" type="i">
            <default>100</default>
            <summary>full capacity mode end threshold applied value</summary>
        </key>
        <key name="current-ful-start-threshold2" type="i">
            <default>95</default>
            <summary>full capacity mode start threshold applied value</summary>
        </key>
        <key name="current-bal-end-threshold2" type="i">
            <default>80</default>
            <summary>balance mode end threshold applied value</summary>
        </key>
        <key name="current-bal-start-threshold2" type="i">
            <default>75</default>
            <summary>balance mode start threshold applied value</summary>
        </key>
        <key name="current-max-end-threshold2" type="i">
            <default>60</default>
            <summary>maxlife mode end threshold applied value</summary>
        </key>
        <key name="current-max-start-threshold2" type="i">
            <default>55</default>
            <summary>maxlife mode start threshold applied value</summary>
        </key>
    </schema>
</schemalist>
