{
  "_generated": "Generated by SweetTooth, do not edit",
  "description": "Add privacy settings toggles to the GNOME system menu\nNOTE: This only provides quick access to settings, it doesn't directly access hardware",
  "donations": {
    "github": "stuarthayhurst",
    "paypal": "stuartahayhurst"
  },
  "gettext-domain": "PrivacyMenu@stuarthayhurst",
  "name": "Privacy Quick Settings",
  "settings-schema": "org.gnome.shell.extensions.privacy-menu",
  "shell-version": [
    "45",
    "46"
  ],
  "url": "https://github.com/stuarthayhurst/privacy-menu-extension",
  "uuid": "PrivacyMenu@stuarthayhurst",
  "version": 24
}