{
  "_generated": "Generated by SweetTooth, do not edit",
  "description": "Add privacy settings toggles to the GNOME system menu",
  "gettext-domain": "PrivacyMenu@stuarthayhurst",
  "name": "Privacy Quick Settings Menu",
  "settings-schema": "org.gnome.shell.extensions.privacy-menu",
  "shell-version": [
    "3.38",
    "40",
    "41",
    "42",
    "43",
    "44"
  ],
  "url": "https://github.com/stuarthayhurst/privacy-menu-extension",
  "uuid": "PrivacyMenu@stuarthayhurst",
  "version": 11
}