{
  "_generated": "Generated by SweetTooth, do not edit",
  "description": "Give a function to any corner or edge of your monitors and expand your keyboard capabilities.\nMouse pointer pressure, clicks and scrolls over the monitor corners/edges or custom keyboard shortcuts can trigger any of dozens built-in actions that helps you navigate and control your desktop environment, or your own shell commands.\n\nSignificant part of available actions are visual adjustments (contrast, brightness, opacity) and color filters (red, green, desaturate, lightness and color inversions) , including correction filters for colorblind users and cb simulation filters for developers.",
  "gettext-domain": "custom-hot-corners-extended",
  "name": "Custom Hot Corners - Extended",
  "settings-schema": "org.gnome.shell.extensions.custom-hot-corners-extended",
  "shell-version": [
    "3.36",
    "3.38",
    "40",
    "41",
    "42",
    "43"
  ],
  "url": "https://github.com/G-dH/custom-hot-corners/tree/gdh",
  "uuid": "custom-hot-corners-extended@G-dH.github.com",
  "version": 26
}