{
  "_generated": "Generated by SweetTooth, do not edit",
  "description": "Next-gen Clipboard manager for Gnome Shell\n\nYou need libgda and gsound for this extension to work.\n\nFedora: sudo dnf install libgda libgda-sqlite\nArch Linux: sudo pacman -S libgda (libgda6 for gnome-43 or later)\nUbuntu/Debian: sudo apt install gir1.2-gda-5.0 gir1.2-gsound-1.0\nopenSUSE: sudo zypper install libgda-6_0-sqlite typelib-1_0-Gda-6_0 typelib-1_0-GSound-1_0",
  "donations": {
    "github": "oae"
  },
  "gettext-domain": "pano@elhan.io",
  "name": "Pano - Clipboard Manager",
  "settings-schema": "org.gnome.shell.extensions.pano",
  "shell-version": [
    "45"
  ],
  "url": "https://github.com/oae/gnome-shell-pano",
  "uuid": "pano@elhan.io",
  "version": 22
}