{
  "_generated": "Generated by SweetTooth, do not edit",
  "description": "Makes \"Picture-in-Picture\" windows stay on top (even on Wayland session). Compatible with Firefox, but may work with few other browsers too.",
  "extension-id": "pip-on-top",
  "gettext-domain": "pip-on-top",
  "name": "PiP on top",
  "settings-schema": "org.gnome.shell.extensions.pip-on-top",
  "shell-version": [
    "45",
    "46",
    "47"
  ],
  "url": "https://github.com/Rafostar/gnome-shell-extension-pip-on-top",
  "uuid": "pip-on-top@rafostar.github.com",
  "version": 10
}