<schemalist>
  <schema id="org.gnome.shell.extensions.HeadsetControl"
      path="/org/gnome/shell/extensions/HeadsetControl/">
    <key name="headsetcontrol-executable" type="s">
      <default>'/usr/local/bin/headsetcontrol'</default>
      <summary>path to executable</summary>
      <description>file and path of headsetcontrol executable</description>
    </key>
    <key name="option-capabilities" type="s">
      <default>'-?'</default>
      <summary>parameter to ask for capabilities</summary>
      <description>passed to headsetcontrol to ask for capabilities</description>
    </key>
    <key name="option-battery" type="s">
      <default>'-b'</default>
      <summary>parameter to ask for battery</summary>
      <description>passed to headsetcontrol to get battery</description>
    </key>
    <key name="option-chatmix" type="s">
      <default>'-m'</default>
      <summary>parameter to ask for chatmix</summary>
      <description>passed to headsetcontrol to get chatmix</description>
    </key>
    <key name="option-sidetone" type="s">
      <default>'-s'</default>
      <summary>parameter to ask for sidetone</summary>
      <description>passed to headsetcontrol to set sidetone</description>
    </key>
    <key name="option-led" type="s">
      <default>'-l'</default>
      <summary>parameter to ask for led</summary>
      <description>passed to headsetcontrol to set led</description>
    </key>
    <key name="option-inactive-time" type="s">
      <default>'-i'</default>
      <summary>parameter to ask for inactive time</summary>
      <description>passed to headsetcontrol to set inactive time</description>
    </key>
    <key name="option-voice" type="s">
      <default>'-v'</default>
      <summary>parameter to ask for voice prompts</summary>
      <description>passed to headsetcontrol to set voice prompts</description>
    </key>
    <key name="option-rotate-mute" type="s">
      <default>'-r'</default>
      <summary>parameter to ask for rotate to mute</summary>
      <description>passed to headsetcontrol to set rotate to mute</description>
    </key>
    <key name="use-notifications" type="b">
      <default>false</default>
      <summary>parameter to enable notifiactions</summary>
      <description>enable / disable notifications</description>
    </key>
    <key name="use-logging" type="b">
      <default>false</default>
      <summary>parameter to enable log outputs</summary>
      <description>enable / disable log outputs</description>
    </key>
    <key name="show-systemindicator" type="b">
      <default>true</default>
      <summary>Toggle to show systemindicator</summary>
      <description>Makes the systemindicator show/hide</description>
    </key>
    <key name="use-colors" type="b">
      <default>true</default>
      <summary>parameter to enable battery percentage text color</summary>
      <description>Makes battery percentage text colored/non-colored</description>
    </key>
    <key name="color-batteryhigh" type="s">
      <default>'rgb(0,255,0)'</default>
      <summary>Color battery charge high</summary>
      <description>The text color for battery charge 100% to 50%</description>
    </key>
    <key name="color-batterymedium" type="s">
      <default>'rgb(255,255,0)'</default>
      <summary>Color battery charge medium</summary>
      <description>The text color for battery charge 49% to 25%</description>
    </key>
    <key name="color-batterylow" type="s">
      <default>'rgb(255,0,0)'</default>
      <summary>Color battery charge low</summary>
      <description>The text color for battery charge 24% to 0%</description>
    </key>
  </schema>
</schemalist>
