{
  "_generated": "Generated by SweetTooth, do not edit",
  "description": "Customize Gnome 3 overview.\n\n- Always show titles of all window thumbnails\n- Always show close buttons of all window thumbnails\n- Window titles position (Bottom, Center)\n- Move window titles to the bottom when fullscreen\n- Move window titles to the bottom for video/TV players, like SMPlayer\n- Show/hide app icons\n- App icon position: Bottom, Center\n- Show/hide the app icon when a window is in fullscreen mode\n- Show/hide the background\n- Hide/show icons for Video/TV players, like SMPlayer\n- Tweak the window thumbnail active size increment (from 5 to 60, the default is 15)\n- Hide the background \n\n",
  "name": "Always Show Titles In Overview",
  "shell-version": [
    "40",
    "41",
    "42",
    "43",
    "44"
  ],
  "url": "https://github.com/nlpsuge/Always-Show-Titles-In-Overview",
  "uuid": "Always-Show-Titles-In-Overview@gmail.com",
  "version": 23
}