<?xml version="1.0" encoding="UTF-8"?>
<schemalist gettext-domain="gnome-shell-extensions-SettingsCenter">
  <schema path="/org/gnome/shell/extensions/SettingsCenter/" id="org.gnome.shell.extensions.SettingsCenter">
    <key name="label-menu" type="s">
      <default>'Settings Center'</default>
      <summary>Label Menu</summary>
      <description/>
    </key>
    <key name="items" type="s">
      <default>'Gnome Config Editor;gconf-editor.desktop;1;gconf-editor|Gnome Tweaks;gnome-tweaks.desktop;1;gnome-tweaks|Desktop Config Editor;dconf-editor.desktop;1;dconf-editor|Extensions Preferences;org.gnome.Extensions.desktop;1;gnome-extensions-app|NVidia Settings;nvidia-settings.desktop;1;nvidia-settings|Passwords and Keys;seahorse.desktop;1;seahorse|PulseAudio;pavucontrol.desktop;1;pavucontrol|Session Properties;session-properties.desktop;0;gnome-session-properties'</default>
      <summary>Items</summary>
      <description/>
    </key>
    <key name="show-systemindicator" type="b">
      <default>true</default>
      <summary>Toggle to show systemindicator</summary>
      <description>Makes the systemindicator show/hide</description>
    </key>
  </schema>
</schemalist>
