[
	{
		"name": "qwreey",
		"image": "qwreey",
		"label": "Owner",
		"link": "https://github.com/qwreey"
	},
	{
		"name": "DaPigGuy",
		"image": "DaPigGuy",
		"label": "Gnome 45 Port",
		"link": "https://github.com/DaPigGuy"
	},
	{
		"name": "alewicki95",
		"image": "alewicki95",
		"label": "Polish\ntranslation",
		"link": "https://github.com/alewicki95"
	},
	{
		"name": "andia89",
		"image": "andia89",
		"label": "Code improve",
		"link": "https://github.com/andia89"
	},
	{
		"name": "DodoLeDev",
		"image": "DodoLeDev",
		"label": "Readme &amp; Code\nimprove",
		"link": "https://github.com/DodoLeDev"
	},
	{
		"name": "DanGLES3",
		"image": "DanGLES3",
		"label": "Portuguese\ntranslation",
		"link": "https://github.com/DanGLES3"
	},
	{
		"name": "rsxrwscjpzdzwpxaujrr",
		"image": "rsxrwscjpzdzwpxaujrr",
		"label": "ETC",
		"link": "https://github.com/rsxrwscjpzdzwpxaujrr"
	},
	{
		"name": "ryzendew",
		"image": "ryzendew",
		"label": "Gnome 47 Port",
		"link": "https://github.com/ryzendew"
	},
	{
		"name": "prapooskur",
		"image": "prapooskur",
		"label": "Gnome 46 Port",
		"link": "https://github.com/prapooskur"
	},
	{
		"name": "nulta",
		"image": "nulta",
		"label": "Korean\ntranslation",
		"link": "https://github.com/nulta"
	},
	{
		"name": "mechtifs",
		"image": "mechtifs",
		"label": "Chinese Simplified\ntranslation",
		"link": "https://github.com/mechtifs"
	},
	{
		"name": "jcatfor",
		"image": "jcatfor",
		"label": "Catalan\ntranslation",
		"link": "https://github.com/jcatfor"
	},
	{
		"name": "314eter",
		"image": "314eter",
		"label": "Bug fix\nCode improve",
		"link": "https://github.com/314eter"
	},
	{
		"name": "JohnOberhauser",
		"image": "JohnOberhauser",
		"label": "Audio\nInput/Output",
		"link": "https://github.com/JohnOberhauser"
	},
	{
		"name": "Tuba2",
		"image": "Tuba2",
		"label": "Portuguese\ntranslation",
		"link": "https://github.com/Tuba2"
	},
	{
		"name": "MrXvnov",
		"image": "MrXvnov",
		"label": "Russian\ntranslation",
		"link": "https://github.com/MrXvnov"
	}
]
